T2M,PRECTOTCORR,WS10M,PS,AQI,Location,hasSprinkler,isIndustrial,policy_suggestion
35.99,4.75,4.66,99.2,279,3,0,0,2
4.5,0.58,3.53,102.2,383,7,0,1,10
30.33,4.85,5.16,98.42,370,4,0,0,6
32.93,1.52,3.62,98.86,194,17,1,0,0
24.18,0.7,1.23,100.73,455,18,0,0,3
39.89,1.91,5.92,98.93,176,0,0,0,1
4.73,0.65,3.82,102.93,468,6,0,0,10
34.87,0.49,4.42,98.88,361,16,0,0,6
22.43,0.17,2.77,100.52,326,6,0,0,2
28.12,44.01,9.56,99.37,190,14,0,0,8
21.75,1.98,2.82,101.45,241,5,1,0,2
11.13,5.21,3.86,102.69,423,8,1,0,3
38.64,2.93,5.83,99.21,248,10,0,1,4
27.03,0.37,2.97,101.54,500,2,0,1,3
25.06,66.16,11.48,100.46,110,11,1,0,12
16.11,1.79,0.79,101.73,302,1,0,0,6
19.96,0.32,1.28,100.65,361,3,0,0,2
31.38,71.54,8.67,99.24,150,17,1,0,12
13.55,2.36,1.4,101.08,390,18,0,0,6
31.77,2.2,2.01,99.79,262,2,0,1,4
31.96,15.45,10.25,100.08,143,7,0,1,1
17.09,5.99,2.93,102.76,443,2,0,1,3
27.96,12.91,8.48,99.44,132,12,0,0,1
33.83,29.33,4.47,99.71,204,14,0,0,1
31.48,5.04,7.23,99.61,192,11,1,0,0
31.92,25.21,5.93,99.34,138,6,0,0,1
13.25,3.64,3.9,102.92,500,2,0,1,3
25.68,0.74,2.99,100.53,222,5,1,0,2
8.58,0.33,1.71,102.27,296,8,1,0,2
10.49,4.48,2.44,102.19,427,1,0,0,3
18.56,3.64,1.42,101.26,498,10,0,1,5
10.57,0.9,3.42,101.64,500,2,0,1,5
19.89,1.1,2.28,101.62,398,6,0,0,3
3.54,9.41,1.89,102.04,308,14,0,0,10
7.46,1.13,3.74,102.75,274,8,1,0,1
31.6,66.29,9.66,100.06,21,17,1,0,12
16.4,4.49,2.75,101.27,268,18,0,0,2
7.59,7.26,3.64,102.77,381,7,0,1,6
40.27,0.42,1.81,99.8,297,2,0,1,4
7.96,9.4,3.91,101.57,416,3,0,0,3
37.17,4.97,1.88,98.04,341,13,0,1,6
17.68,1.83,2.36,101.44,379,12,0,0,6
38.68,2.54,4.18,98.5,314,8,1,0,6
34.79,41.51,13.87,99.87,69,3,0,0,9
31.45,55.17,13.37,99.46,85,3,0,0,12
23.58,3.84,0.61,101.99,405,5,1,0,3
6.47,8.83,3.12,102.91,380,8,1,0,6
34.64,68.98,6.53,99.77,103,3,0,0,8
30.57,75.21,11.35,100.14,92,4,0,0,11
39.84,4.95,1.7,99.04,274,17,1,0,2
41.85,3.49,4.51,98.72,343,15,0,0,2
29.2,24.22,10.34,99.16,210,11,1,0,1
12.05,1.94,0.75,101.79,322,1,0,0,6
44.19,0.14,3.89,98.88,391,2,0,1,7
35.25,0.78,5.91,99.68,198,15,0,0,1
6.0,0.39,1.56,102.07,302,17,1,0,2
15.25,2.72,3.88,101.91,475,15,0,0,5
17.92,2.06,2.25,100.28,375,16,0,0,2
17.51,7.15,0.64,101.8,471,17,1,0,5
32.44,23.81,5.21,99.16,154,12,0,0,1
25.33,0.29,2.79,100.88,368,14,0,0,2
13.43,6.6,1.48,102.91,425,7,0,1,3
39.79,2.1,2.24,98.71,321,10,0,1,4
7.47,0.92,0.83,101.62,388,18,0,0,2
31.57,2.46,3.37,98.35,302,2,0,1,4
30.77,4.75,5.43,98.52,374,2,0,1,6
16.93,5.01,2.39,102.37,268,2,0,1,4
29.16,4.72,2.67,101.27,326,8,1,0,2
12.83,5.73,0.95,102.62,281,17,1,0,2
20.79,4.81,2.76,100.39,431,7,0,1,5
31.61,0.09,1.47,99.37,225,6,0,0,1
28.19,68.37,3.28,100.63,190,13,0,1,9
16.77,3.48,2.07,101.75,467,13,0,1,3
42.86,1.41,1.89,99.5,345,3,0,0,7
34.91,35.95,7.46,100.55,67,12,0,0,8
8.86,7.51,3.14,101.21,500,7,0,1,3
22.58,4.13,1.3,101.79,431,17,1,0,3
2.17,9.05,0.82,101.64,465,13,0,1,10
29.26,2.87,2.08,100.9,329,8,1,0,2
19.93,3.36,2.38,101.58,374,2,0,1,4
31.46,2.47,1.29,99.1,286,1,0,0,1
16.2,3.51,0.91,101.29,360,7,0,1,6
24.27,0.51,0.71,101.4,397,15,0,0,2
43.15,3.53,1.41,98.17,209,12,0,0,7
20.61,1.85,2.53,101.89,480,5,1,0,3
32.53,33.22,4.0,100.55,119,12,0,0,9
28.6,0.56,1.73,100.02,496,9,1,0,5
13.86,7.67,3.38,102.49,415,4,0,0,5
36.0,1.43,5.34,98.45,310,6,0,0,6
30.19,4.85,1.22,99.78,257,17,1,0,2
45.89,0.37,3.77,99.94,311,1,0,0,7
24.44,3.48,1.64,101.26,339,18,0,0,6
16.42,0.45,1.48,102.9,377,16,0,0,2
34.44,0.94,3.32,98.71,324,16,0,0,2
31.24,4.87,5.93,99.4,332,2,0,1,4
34.95,4.07,4.42,98.33,199,12,0,0,1
15.16,9.5,3.04,102.23,234,18,0,0,1
44.03,2.76,1.82,98.82,297,19,0,1,7
29.8,78.9,7.52,100.5,223,13,0,1,9
33.42,67.87,8.62,99.83,168,6,0,0,11
15.85,4.32,2.53,102.0,323,8,1,0,2
23.33,3.84,2.86,101.7,384,9,1,0,3
37.21,0.65,5.77,99.21,369,2,0,1,6
40.75,3.09,2.79,98.23,390,19,0,1,4
10.32,7.72,2.32,102.7,266,17,1,0,2
30.61,70.75,7.84,99.27,88,4,0,0,8
32.55,51.52,11.45,99.43,166,7,0,1,12
23.85,1.96,1.59,101.81,327,5,1,0,6
38.22,3.92,2.98,99.24,186,9,1,0,0
34.5,16.03,14.12,99.98,126,17,1,0,0
2.73,6.21,1.72,101.42,259,3,0,0,10
35.47,2.69,3.3,99.17,252,8,1,0,1
12.25,1.82,1.71,102.79,390,17,1,0,3
12.68,1.72,1.17,101.08,191,9,1,0,0
6.46,1.77,0.81,101.24,473,10,0,1,5
18.1,1.82,1.76,101.38,317,16,0,0,3
42.79,3.14,1.41,99.75,229,1,0,0,7
25.61,25.77,12.67,100.5,181,13,0,1,1
37.75,3.09,2.84,98.93,253,1,0,0,2
25.37,23.93,11.56,100.79,172,4,0,0,1
15.46,4.34,1.39,100.79,435,5,1,0,5
41.8,0.91,3.82,99.68,230,17,1,0,1
10.57,2.33,1.7,101.95,336,2,0,1,4
9.98,0.87,2.38,102.17,472,11,1,0,5
36.91,0.64,2.42,98.73,178,4,0,0,1
27.44,42.37,6.96,100.87,189,9,1,0,8
4.45,2.46,1.06,101.37,287,11,1,0,10
44.35,0.4,3.62,98.82,238,7,0,1,7
16.68,1.99,2.92,101.73,406,11,1,0,3
6.13,1.71,2.84,102.86,439,7,0,1,3
37.63,4.19,2.03,99.94,265,13,0,1,4
27.0,60.22,9.36,100.41,198,5,1,0,12
30.81,16.58,8.77,100.07,262,7,0,1,4
37.27,2.74,3.74,98.4,288,5,1,0,2
16.32,0.69,0.51,100.23,385,1,0,0,2
24.09,3.97,0.77,101.7,450,6,0,0,5
8.54,9.33,3.97,101.41,204,9,1,0,1
13.86,5.74,3.45,101.28,411,0,0,0,5
33.0,66.88,5.24,99.47,182,10,0,1,8
34.08,28.71,10.06,100.37,129,8,1,0,0
25.71,4.5,2.06,101.08,296,16,0,0,2
39.24,1.78,2.96,99.06,211,0,0,0,2
27.29,45.71,8.18,99.67,112,5,1,0,8
26.91,3.1,1.83,101.79,411,3,0,0,5
17.28,1.56,1.12,101.49,496,10,0,1,3
13.43,4.94,3.14,101.21,374,12,0,0,3
27.7,0.64,1.49,101.59,252,1,0,0,1
5.67,7.22,3.02,102.28,447,16,0,0,5
38.68,1.26,2.73,98.36,292,13,0,1,4
30.83,35.06,8.54,100.89,244,10,0,1,8
30.86,42.94,10.34,99.04,121,9,1,0,9
28.98,2.83,2.24,101.84,392,10,0,1,6
14.34,3.74,0.74,101.15,500,17,1,0,3
28.88,2.25,0.78,101.97,424,13,0,1,3
26.25,74.06,13.44,100.04,242,19,0,1,12
36.07,3.72,2.03,99.58,313,17,1,0,3
3.83,4.15,3.52,102.85,405,9,1,0,10
32.38,38.92,5.7,99.9,110,13,0,1,9
17.48,0.17,1.28,101.56,475,14,0,0,3
18.3,1.06,1.79,101.95,372,16,0,0,6
38.92,4.3,3.68,98.37,190,5,1,0,0
28.1,34.8,8.12,100.6,112,9,1,0,8
29.68,51.87,7.53,100.67,115,7,0,1,8
6.7,7.14,2.35,102.07,331,6,0,0,2
9.95,7.65,0.86,101.67,262,1,0,0,2
42.05,1.36,5.49,99.05,320,19,0,1,7
17.34,3.58,2.15,100.05,468,14,0,0,3
18.47,3.36,0.55,100.21,494,12,0,0,5
4.86,6.53,1.33,101.2,348,7,0,1,10
41.56,4.28,5.15,98.79,337,0,0,0,3
5.28,2.93,3.64,101.03,500,7,0,1,5
5.33,0.27,1.14,102.17,374,1,0,0,2
16.28,8.17,1.7,101.52,386,14,0,0,3
25.34,67.3,7.14,100.55,189,16,0,0,9
27.92,1.1,2.94,101.56,369,19,0,1,6
23.49,4.93,1.68,100.36,383,5,1,0,3
10.2,7.42,2.95,101.81,423,8,1,0,5
24.68,2.11,0.83,101.8,339,16,0,0,6
31.83,66.69,9.36,100.63,157,7,0,1,12
25.67,35.39,8.97,100.44,237,2,0,1,8
26.4,24.78,6.2,100.46,128,8,1,0,0
40.13,2.47,3.87,99.68,426,10,0,1,3
8.75,3.54,3.86,101.37,385,4,0,0,3
14.34,0.68,3.43,101.87,381,4,0,0,2
25.82,3.05,2.87,100.79,484,13,0,1,5
17.03,2.42,1.17,101.08,464,17,1,0,5
15.46,8.46,3.84,101.31,395,1,0,0,3
37.59,1.72,2.76,98.83,222,12,0,0,2
39.57,2.3,1.38,98.16,270,15,0,0,2
29.52,0.03,0.76,100.63,464,9,1,0,5
17.39,7.9,2.92,102.04,196,17,1,0,0
15.97,7.32,3.32,102.32,374,15,0,0,3
18.75,2.45,1.05,101.98,413,13,0,1,3
25.39,57.92,14.1,99.36,162,12,0,0,12
19.69,0.6,2.33,100.39,340,5,1,0,2
36.75,3.98,4.73,98.11,383,19,0,1,6
43.26,0.19,3.98,98.46,351,18,0,0,7
16.15,3.48,1.35,101.45,425,2,0,1,3
7.04,5.39,3.27,101.64,411,14,0,0,3
28.29,3.08,1.08,100.05,422,8,1,0,5
15.32,4.37,1.82,101.88,500,6,0,0,5
29.97,1.75,2.42,100.8,500,10,0,1,5
31.28,70.53,14.81,100.54,201,13,0,1,11
41.8,1.19,1.55,98.71,326,15,0,0,6
34.74,1.17,1.21,98.04,206,17,1,0,2
36.15,3.4,2.09,99.9,276,7,0,1,4
31.43,2.09,5.4,99.89,142,1,0,0,1
17.83,7.43,0.73,101.8,345,7,0,1,4
11.72,5.13,1.31,101.35,487,19,0,1,3
17.8,3.9,1.38,100.12,288,4,0,0,1
16.14,9.28,3.98,101.35,364,18,0,0,3
31.96,16.54,12.79,99.45,185,8,1,0,0
30.56,4.47,5.3,98.91,305,5,1,0,2
34.37,2.38,1.22,99.7,297,9,1,0,1
19.94,4.66,2.34,100.56,357,9,1,0,3
30.08,3.48,1.24,99.07,215,6,0,0,1
26.09,72.09,14.9,99.12,95,3,0,0,11
38.26,4.53,3.86,99.32,185,18,0,0,1
27.97,3.67,1.8,101.74,343,11,1,0,6
32.52,0.8,2.67,98.48,341,11,1,0,6
31.69,3.49,1.95,99.76,281,10,0,1,4
21.98,4.4,0.51,101.64,489,13,0,1,3
34.09,5.08,9.67,100.51,129,13,0,1,1
5.09,0.84,1.64,102.12,425,14,0,0,5
31.34,45.5,12.36,99.21,133,5,1,0,9
29.44,1.71,2.08,101.86,461,14,0,0,5
17.0,6.88,0.74,101.6,257,10,0,1,4
25.67,48.66,7.15,100.24,142,2,0,1,9
29.6,4.84,2.37,100.26,415,7,0,1,5
30.39,0.11,2.62,98.98,368,10,0,1,6
12.93,4.46,1.46,102.99,340,10,0,1,6
33.54,44.53,12.91,99.6,52,6,0,0,9
32.73,22.25,4.58,100.74,248,10,0,1,4
25.31,59.85,13.91,100.71,168,19,0,1,11
14.16,4.42,1.59,101.64,217,16,0,0,1
18.2,0.16,2.13,100.74,337,7,0,1,6
9.57,9.68,1.15,102.74,191,17,1,0,0
21.81,2.65,0.54,101.59,443,15,0,0,5
44.59,4.84,1.93,98.92,334,0,0,0,7
11.72,2.48,2.45,101.45,436,9,1,0,5
28.26,49.27,8.2,100.97,171,7,0,1,9
25.72,34.44,8.76,100.2,61,15,0,0,9
31.95,69.51,12.36,99.08,147,17,1,0,12
27.42,79.0,4.71,100.0,132,14,0,0,9
13.24,5.6,0.53,101.65,203,8,1,0,1
25.88,31.3,3.4,99.16,207,6,0,0,8
4.12,5.68,2.91,102.6,329,17,1,0,10
12.73,9.52,0.93,102.79,183,6,0,0,1
31.17,50.97,6.59,100.87,140,15,0,0,9
12.0,7.83,2.64,101.97,268,3,0,0,2
30.48,66.3,8.43,100.29,179,7,0,1,11
41.71,0.41,1.3,98.49,284,9,1,0,1
43.95,1.1,5.88,98.67,283,8,1,0,7
32.9,54.4,8.98,100.11,183,1,0,0,11
33.66,4.98,5.87,99.3,182,15,0,0,1
29.18,20.27,13.09,99.35,62,0,0,0,0
24.43,3.68,2.42,101.01,317,15,0,0,3
10.22,5.88,0.6,101.79,458,10,0,1,3
23.97,3.96,2.14,101.98,458,8,1,0,3
20.39,1.92,1.66,101.67,500,2,0,1,5
42.42,2.03,4.01,99.27,206,2,0,1,7
10.2,4.13,0.74,101.87,293,4,0,0,2
10.24,3.59,2.58,101.33,258,2,0,1,4
27.87,0.05,1.97,101.2,427,3,0,0,3
18.56,1.17,2.71,100.88,308,16,0,0,3
29.49,55.2,4.75,99.9,69,14,0,0,9
45.18,1.26,2.8,98.76,262,9,1,0,7
35.71,2.67,4.91,99.41,262,19,0,1,4
15.83,5.58,2.39,101.07,307,6,0,0,3
10.5,9.37,0.64,101.24,463,2,0,1,3
44.94,1.58,3.54,98.08,191,5,1,0,7
37.68,3.43,1.09,98.65,204,5,1,0,2
23.7,1.27,1.8,100.69,276,14,0,0,2
4.01,1.33,1.0,102.88,226,1,0,0,10
26.88,59.81,4.87,99.47,151,9,1,0,9
13.08,8.38,3.81,102.37,360,2,0,1,6
11.89,8.69,2.5,101.06,458,18,0,0,5
5.45,6.59,1.88,102.3,286,3,0,0,1
4.55,6.05,1.61,102.73,305,8,1,0,10
42.04,0.45,2.44,98.22,314,2,0,1,7
28.27,55.07,12.69,100.52,60,5,1,0,12
43.9,1.88,2.48,99.3,262,14,0,0,7
28.66,34.71,11.35,99.78,99,14,0,0,9
20.6,1.14,0.68,101.21,342,8,1,0,3
39.91,2.32,2.9,99.73,228,2,0,1,4
29.79,6.92,7.09,99.76,163,13,0,1,1
27.46,40.75,7.73,100.1,174,19,0,1,8
13.45,5.21,3.38,101.86,405,2,0,1,3
45.27,3.27,2.9,98.39,281,8,1,0,7
17.92,0.83,2.04,101.05,483,5,1,0,5
16.87,5.32,2.53,101.18,344,8,1,0,6
21.0,4.88,2.56,101.04,316,13,0,1,4
33.59,64.98,5.22,99.59,116,15,0,0,9
34.63,41.27,12.67,100.1,243,10,0,1,8
31.33,76.36,10.22,100.64,181,5,1,0,12
27.12,50.82,7.93,100.68,114,15,0,0,9
35.65,1.18,4.9,98.55,173,17,1,0,0
36.78,3.34,1.48,99.25,351,14,0,0,3
26.53,22.64,13.43,99.95,184,8,1,0,0
17.68,1.56,1.08,100.41,239,3,0,0,1
18.85,3.16,0.65,100.28,317,17,1,0,3
11.55,6.76,2.05,101.89,420,1,0,0,5
29.87,0.64,0.76,101.45,352,19,0,1,6
6.39,0.79,0.8,102.79,249,1,0,0,2
7.87,3.44,2.66,101.88,358,17,1,0,3
27.01,1.17,1.85,101.76,271,14,0,0,1
10.53,3.24,1.67,102.34,427,0,0,0,3
40.59,2.79,4.65,98.93,148,9,1,0,0
23.43,4.79,0.94,101.38,500,17,1,0,3
38.57,0.48,3.25,99.51,339,7,0,1,6
12.64,7.95,3.75,101.47,323,3,0,0,3
25.2,60.29,12.22,99.49,69,9,1,0,12
16.39,1.29,2.47,101.73,479,15,0,0,3
10.11,1.59,0.72,101.24,369,14,0,0,3
7.47,3.81,1.71,101.48,371,6,0,0,2
29.14,4.37,0.9,101.57,383,8,1,0,3
30.67,34.33,9.01,99.79,145,16,0,0,8
28.81,70.85,13.42,100.61,105,9,1,0,12
19.57,0.4,1.51,100.35,383,4,0,0,6
28.46,78.17,10.69,100.64,97,15,0,0,12
19.71,3.03,0.85,101.8,500,17,1,0,5
10.04,3.99,1.01,101.74,268,10,0,1,4
29.45,2.75,2.91,100.86,450,7,0,1,3
38.1,2.2,1.53,99.28,314,13,0,1,6
24.29,3.25,0.88,100.12,463,15,0,0,5
21.9,0.29,2.99,100.12,289,4,0,0,1
34.84,22.94,4.71,99.24,140,4,0,0,1
25.38,0.31,1.77,101.99,272,3,0,0,1
24.23,1.53,2.06,101.05,499,16,0,0,3
16.96,4.43,1.62,100.39,252,4,0,0,1
21.21,4.14,2.33,101.54,463,2,0,1,5
17.01,2.09,2.48,101.16,500,10,0,1,3
17.85,3.09,1.31,101.67,500,10,0,1,5
33.18,0.32,1.21,98.74,317,15,0,0,6
9.27,8.44,0.84,101.98,458,2,0,1,5
35.19,3.69,3.38,98.75,387,7,0,1,6
37.35,3.93,5.46,99.91,191,3,0,0,1
7.05,6.88,2.03,101.51,228,14,0,0,2
30.61,4.51,3.31,99.27,160,0,0,0,1
44.32,3.18,4.07,98.13,311,10,0,1,7
26.5,60.31,9.15,100.36,103,9,1,0,12
3.36,7.16,0.75,101.14,397,13,0,1,10
29.35,3.69,1.38,100.59,469,7,0,1,3
14.39,6.61,1.15,101.35,434,5,1,0,3
24.9,3.82,1.16,100.04,500,19,0,1,3
17.49,2.95,3.19,102.25,253,15,0,0,1
31.15,63.1,10.73,100.06,142,14,0,0,12
42.78,1.46,5.9,99.2,331,8,1,0,7
32.48,65.88,10.88,99.26,50,14,0,0,11
28.92,1.12,1.43,100.86,460,2,0,1,5
31.13,75.73,5.89,99.24,101,18,0,0,9
28.3,3.23,1.21,101.63,376,8,1,0,3
27.7,4.59,1.13,101.51,375,6,0,0,3
13.97,5.58,1.13,101.11,446,3,0,0,5
32.53,25.2,9.47,100.46,49,18,0,0,0
31.85,11.89,14.58,99.98,150,18,0,0,1
41.72,2.71,3.95,99.02,363,9,1,0,6
30.65,56.67,13.48,100.27,183,12,0,0,11
32.56,2.31,1.05,98.49,126,18,0,0,1
29.88,0.5,1.5,101.6,500,19,0,1,5
30.55,59.98,10.39,99.38,203,7,0,1,11
30.39,44.31,13.18,100.68,47,6,0,0,8
30.18,3.75,4.79,99.36,313,3,0,0,3
43.47,2.35,3.51,98.25,233,14,0,0,7
32.22,71.46,10.12,99.78,112,18,0,0,11
26.78,7.18,5.0,99.36,115,2,0,1,1
23.82,2.4,2.11,100.13,416,10,0,1,3
10.98,5.61,2.61,102.35,269,6,0,0,2
27.7,66.88,8.98,99.15,192,16,0,0,11
20.01,3.92,2.27,101.58,429,8,1,0,5
37.04,0.74,2.64,98.87,376,10,0,1,6
3.0,8.01,3.18,102.47,391,2,0,1,10
17.6,3.19,1.74,100.36,427,7,0,1,5
29.87,3.74,2.35,101.9,404,2,0,1,3
39.05,4.9,1.83,99.4,266,8,1,0,2
27.73,43.86,6.58,100.88,99,11,1,0,9
33.61,1.88,3.31,98.96,277,11,1,0,1
45.0,3.53,4.16,98.1,207,15,0,0,7
34.09,63.52,3.08,99.11,182,19,0,1,8
17.03,3.76,2.14,101.91,460,2,0,1,5
30.91,1.41,2.31,98.49,248,13,0,1,4
45.6,1.86,3.14,99.69,232,4,0,0,7
26.56,68.98,3.56,100.24,182,1,0,0,9
35.53,1.58,4.86,98.17,279,3,0,0,1
13.72,5.48,0.95,102.76,366,17,1,0,3
32.88,51.83,8.93,100.96,90,14,0,0,12
13.6,1.91,1.68,101.62,379,18,0,0,3
25.8,2.09,0.72,101.37,268,3,0,0,2
45.69,1.14,3.02,99.09,307,8,1,0,7
10.78,6.13,1.29,102.69,175,11,1,0,0
24.96,1.08,0.74,101.72,436,14,0,0,3
38.73,0.31,3.56,99.61,291,11,1,0,2
25.52,63.97,5.42,99.52,64,17,1,0,8
28.3,61.76,9.23,99.41,119,12,0,0,11
17.42,1.28,2.87,101.12,272,3,0,0,1
38.93,2.76,1.47,98.69,195,6,0,0,1
28.91,64.88,7.46,99.9,191,1,0,0,8
3.49,4.41,1.18,101.37,200,4,0,0,10
7.71,7.57,1.47,101.62,290,2,0,1,4
16.64,5.33,1.05,102.39,438,18,0,0,3
7.07,8.57,3.67,101.55,306,10,0,1,4
4.25,2.02,1.14,102.79,387,8,1,0,10
28.13,64.89,14.61,100.71,167,4,0,0,11
41.84,1.6,5.94,98.97,169,3,0,0,1
40.15,0.83,5.41,98.85,273,4,0,0,2
31.87,11.98,3.35,100.65,209,7,0,1,4
17.58,3.37,1.54,102.84,321,0,0,0,3
14.15,9.88,3.65,102.3,405,1,0,0,5
37.91,4.14,2.68,98.35,167,16,0,0,1
27.39,0.5,1.1,100.28,370,2,0,1,6
37.21,3.74,4.26,99.24,285,11,1,0,2
15.46,4.71,3.93,102.27,396,16,0,0,6
26.06,28.62,3.05,100.36,226,1,0,0,2
45.87,0.36,1.39,98.68,329,0,0,0,7
18.23,1.8,0.67,101.53,445,15,0,0,5
26.39,4.52,1.08,101.61,310,3,0,0,6
34.16,4.54,4.35,99.12,243,14,0,0,1
9.15,4.6,3.53,102.09,282,10,0,1,4
17.63,1.11,1.98,101.08,500,2,0,1,5
34.66,14.56,11.49,100.95,251,19,0,1,4
31.99,67.96,14.78,100.24,150,12,0,0,12
24.42,2.66,2.09,100.9,376,16,0,0,2
3.92,0.68,1.42,101.09,385,3,0,0,10
19.26,4.12,0.69,100.45,386,13,0,1,4
30.99,9.84,13.53,100.75,249,13,0,1,4
20.11,4.95,2.07,101.06,329,14,0,0,3
27.85,37.19,6.21,100.58,172,3,0,0,9
27.52,21.52,8.86,100.48,219,10,0,1,4
15.9,0.65,3.85,101.05,290,11,1,0,2
42.38,3.01,5.46,98.89,250,2,0,1,7
37.12,3.94,4.2,99.35,298,2,0,1,4
33.75,3.93,5.85,98.53,367,13,0,1,6
41.9,2.53,4.17,98.14,289,4,0,0,2
20.43,2.36,0.61,100.28,384,3,0,0,3
45.54,1.66,3.41,98.39,261,13,0,1,7
27.81,20.52,9.2,99.01,113,9,1,0,0
33.51,0.18,1.54,98.68,256,11,1,0,1
23.58,2.56,1.23,101.86,251,4,0,0,1
25.87,51.28,4.37,99.69,98,3,0,0,9
29.94,57.67,14.91,99.26,109,3,0,0,11
36.31,2.11,3.06,99.82,299,13,0,1,4
31.75,27.25,11.62,100.91,111,19,0,1,1
12.18,0.51,1.4,101.12,363,0,0,0,3
31.87,13.59,7.61,99.91,137,9,1,0,0
31.94,2.09,4.76,98.14,291,11,1,0,1
20.32,4.71,2.17,101.36,463,4,0,0,3
39.5,0.05,4.18,99.83,278,4,0,0,1
15.98,7.24,0.92,102.8,337,16,0,0,3
23.01,0.71,0.53,100.84,484,13,0,1,5
29.86,48.29,3.52,99.25,98,5,1,0,9
37.47,4.08,1.34,98.77,303,10,0,1,4
8.46,0.78,2.4,102.72,258,4,0,0,1
27.26,33.82,8.4,100.16,142,2,0,1,9
19.78,2.91,1.43,101.2,438,13,0,1,5
31.88,33.09,5.0,99.86,135,13,0,1,8
35.53,0.77,1.13,99.29,324,16,0,0,3
36.17,3.96,3.98,98.2,247,13,0,1,4
22.97,4.21,1.95,101.12,253,9,1,0,2
4.68,9.72,1.3,102.95,246,1,0,0,10
32.17,0.5,2.04,99.85,219,12,0,0,1
28.13,16.03,8.85,99.26,177,6,0,0,1
17.29,3.14,3.61,102.21,418,6,0,0,5
25.88,50.52,4.82,99.06,44,9,1,0,8
29.7,2.39,1.83,100.34,330,0,0,0,6
15.42,3.56,3.39,102.42,500,13,0,1,3
10.12,6.77,1.32,102.66,284,12,0,0,2
30.0,0.75,2.54,100.41,330,2,0,1,4
44.09,3.12,3.85,99.24,382,13,0,1,7
36.32,0.2,3.38,99.09,292,14,0,0,2
28.64,3.61,1.83,101.74,421,18,0,0,5
32.91,14.36,12.53,99.55,182,13,0,1,1
29.16,0.74,1.66,101.96,500,3,0,0,3
15.82,5.89,1.81,101.57,467,10,0,1,5
36.18,2.56,3.46,99.15,350,11,1,0,3
17.69,4.08,3.4,102.53,435,3,0,0,5
29.34,1.0,0.77,101.71,316,18,0,0,6
27.7,4.47,0.66,101.77,470,2,0,1,5
10.17,6.27,3.74,101.04,279,10,0,1,4
2.49,8.72,2.35,102.27,500,10,0,1,10
43.12,1.67,4.67,99.06,260,2,0,1,7
17.97,6.77,3.4,101.59,306,16,0,0,3
13.81,8.34,3.09,101.29,408,11,1,0,3
14.3,6.59,3.18,102.69,402,3,0,0,5
8.39,7.23,1.48,102.37,278,6,0,0,1
10.79,6.32,2.52,102.4,292,2,0,1,4
22.84,1.5,0.69,101.0,500,15,0,0,5
32.07,8.77,3.87,99.81,160,18,0,0,1
5.72,2.81,3.31,102.86,310,10,0,1,6
15.33,2.92,2.61,101.1,489,2,0,1,5
25.34,21.1,7.99,100.52,66,9,1,0,0
41.52,4.33,3.27,99.64,224,18,0,0,2
40.19,2.63,3.32,98.47,195,16,0,0,1
19.35,2.82,0.8,101.83,244,9,1,0,2
36.42,0.79,5.41,99.65,256,1,0,0,2
34.34,2.01,1.51,98.38,237,9,1,0,1
25.73,2.97,2.74,101.17,327,19,0,1,6
35.45,4.7,1.41,99.86,240,18,0,0,2
4.08,5.65,3.53,102.14,328,18,0,0,10
28.65,1.89,2.91,100.18,487,10,0,1,3
22.41,1.94,2.08,101.41,403,1,0,0,3
32.67,3.57,4.33,99.93,297,10,0,1,4
17.21,7.03,1.54,101.21,391,16,0,0,2
29.99,0.52,1.75,100.77,354,7,0,1,6
9.32,2.09,1.79,101.74,199,16,0,0,1
30.52,36.18,11.64,99.74,128,11,1,0,9
24.72,3.98,2.39,100.07,379,12,0,0,3
44.89,0.63,4.69,99.95,371,19,0,1,7
40.92,2.34,3.9,98.17,248,10,0,1,4
43.17,3.91,3.72,98.2,298,10,0,1,7
18.63,4.56,2.6,101.42,370,17,1,0,3
2.5,7.36,1.66,102.81,221,8,1,0,10
37.43,4.82,3.6,99.36,317,10,0,1,4
32.74,62.97,9.26,100.95,99,11,1,0,12
30.27,3.85,5.04,98.24,259,4,0,0,2
15.26,1.47,2.43,101.04,500,17,1,0,5
35.95,0.01,2.5,99.29,289,4,0,0,2
33.47,6.77,13.78,100.57,85,16,0,0,0
26.52,72.46,11.52,100.87,157,0,0,0,12
9.58,0.58,3.85,102.89,357,5,1,0,3
17.86,5.44,3.87,101.15,418,15,0,0,3
5.61,1.96,0.99,102.24,448,4,0,0,3
42.98,3.18,2.94,99.35,232,9,1,0,7
45.16,1.69,4.62,99.08,318,16,0,0,7
13.04,6.9,3.76,101.99,500,10,0,1,5
8.65,3.02,3.16,101.71,311,4,0,0,2
17.4,6.21,3.75,102.52,316,19,0,1,6
17.7,2.29,1.9,101.73,270,1,0,0,2
28.47,3.37,0.84,101.99,339,7,0,1,6
8.27,6.59,0.88,102.27,468,14,0,0,3
21.1,4.77,1.81,100.44,344,9,1,0,2
28.79,0.88,1.03,100.03,356,11,1,0,3
27.44,3.66,1.39,101.4,314,9,1,0,6
29.29,4.84,1.48,101.71,472,16,0,0,3
6.96,2.32,2.1,102.56,276,6,0,0,2
26.45,4.28,2.01,101.67,291,1,0,0,2
36.03,2.76,5.02,98.09,348,17,1,0,6
32.85,2.57,5.04,98.51,330,16,0,0,3
8.44,8.95,0.5,102.8,500,2,0,1,5
16.71,9.93,0.66,102.52,412,14,0,0,5
8.28,7.54,3.71,102.9,345,2,0,1,6
35.71,3.94,2.26,99.13,227,11,1,0,2
24.85,1.2,0.98,101.84,357,1,0,0,6
10.1,2.21,0.64,101.07,480,11,1,0,5
31.8,21.87,8.18,100.44,185,2,0,1,1
36.84,1.63,5.2,98.29,424,7,0,1,5
34.04,68.44,7.81,100.53,83,3,0,0,8
44.22,2.72,2.02,98.51,249,4,0,0,7
23.91,0.16,2.09,100.73,355,9,1,0,6
28.19,2.3,0.74,101.65,445,4,0,0,5
41.1,3.86,4.27,98.3,412,19,0,1,3
30.39,26.19,8.1,99.08,121,0,0,0,1
2.0,4.17,2.33,101.11,346,6,0,0,10
18.39,1.52,1.26,100.46,419,17,1,0,3
13.67,9.67,1.29,102.33,448,9,1,0,5
43.57,2.11,2.51,98.65,191,3,0,0,7
27.25,0.91,1.43,101.8,432,7,0,1,5
45.76,3.77,2.97,99.18,253,2,0,1,7
36.63,3.77,1.1,98.54,144,15,0,0,1
17.24,0.42,1.43,102.2,304,16,0,0,6
26.3,47.01,12.37,100.42,105,4,0,0,9
34.72,38.66,4.91,99.36,147,0,0,0,8
28.81,3.47,2.32,101.72,333,18,0,0,2
33.07,19.64,7.14,99.67,183,2,0,1,1
43.7,3.51,4.64,99.12,362,2,0,1,7
19.68,2.41,1.77,100.77,432,12,0,0,3
25.16,63.66,4.49,100.6,65,12,0,0,9
33.43,12.31,9.71,100.0,209,0,0,0,1
10.55,5.41,2.0,101.62,229,11,1,0,1
33.0,46.45,7.76,99.26,127,18,0,0,8
31.77,51.88,6.8,100.63,112,1,0,0,9
16.06,1.56,2.84,101.7,484,5,1,0,5
12.05,2.48,1.07,101.37,233,5,1,0,1
34.91,1.76,4.11,98.67,203,14,0,0,2
36.47,0.34,4.92,98.57,271,6,0,0,1
31.85,29.93,3.68,99.75,64,1,0,0,0
26.77,3.67,0.79,101.56,400,9,1,0,6
31.01,79.28,6.9,100.88,180,15,0,0,8
25.11,38.76,14.73,99.21,81,6,0,0,9
34.79,46.66,5.28,100.16,148,1,0,0,9
31.05,43.76,11.88,100.26,52,3,0,0,9
25.35,0.72,1.99,100.34,495,12,0,0,5
3.09,4.3,2.94,101.92,500,10,0,1,10
29.48,1.25,2.19,101.41,272,15,0,0,2
28.13,25.33,10.17,100.73,102,16,0,0,1
16.59,0.77,2.86,101.47,347,2,0,1,4
5.24,5.88,2.95,102.36,500,13,0,1,5
30.25,2.91,2.27,98.9,317,10,0,1,4
28.99,67.99,5.26,100.34,233,10,0,1,9
15.12,2.17,0.73,101.5,370,14,0,0,2
29.34,24.4,8.21,100.45,221,14,0,0,2
27.29,46.02,11.05,100.4,106,1,0,0,9
43.09,0.25,5.56,98.06,233,8,1,0,7
16.16,4.56,1.39,100.85,398,2,0,1,6
11.55,5.95,1.8,101.67,225,16,0,0,1
22.4,1.42,2.47,100.79,321,4,0,0,2
34.05,4.94,2.46,99.54,197,4,0,0,1
33.0,30.02,13.38,100.83,124,7,0,1,9
30.56,3.94,3.06,99.75,301,12,0,0,6
27.5,2.5,1.84,100.29,325,4,0,0,3
21.29,2.5,2.46,101.2,427,11,1,0,3
11.44,4.08,2.14,101.06,376,18,0,0,6
26.47,2.05,2.14,100.52,277,11,1,0,2
4.57,0.7,1.15,102.33,324,8,1,0,10
40.96,0.55,2.45,98.62,333,3,0,0,6
22.73,2.68,1.39,100.71,294,5,1,0,2
42.63,1.54,5.57,99.91,200,17,1,0,7
28.54,42.92,14.29,100.75,88,8,1,0,9
25.78,67.17,7.19,100.04,65,6,0,0,9
44.15,1.72,3.31,98.83,267,6,0,0,7
34.74,2.3,3.06,99.44,281,4,0,0,2
22.34,2.15,2.35,101.73,453,5,1,0,3
32.89,27.26,9.5,99.69,247,10,0,1,4
32.32,71.12,4.46,100.27,229,2,0,1,9
3.89,2.12,1.59,101.33,269,5,1,0,10
6.28,3.36,3.12,102.14,352,11,1,0,2
14.06,8.71,2.88,101.82,363,6,0,0,2
39.21,0.11,5.73,99.39,211,15,0,0,2
29.39,78.53,9.15,99.23,93,17,1,0,12
12.86,7.73,3.83,102.55,247,17,1,0,1
33.57,55.49,7.9,100.77,164,2,0,1,9
28.22,3.66,2.24,101.51,368,15,0,0,3
43.99,1.02,1.64,98.57,331,18,0,0,7
30.11,66.54,7.85,99.97,210,4,0,0,8
21.15,3.24,0.54,100.56,444,14,0,0,5
2.67,4.79,1.14,102.49,440,4,0,0,10
24.72,0.37,1.44,101.61,317,4,0,0,6
45.95,2.8,2.61,98.44,314,1,0,0,7
7.96,0.69,1.79,101.93,321,16,0,0,3
13.34,0.08,1.26,102.32,226,5,1,0,2
25.05,65.34,12.27,100.1,223,7,0,1,12
30.84,63.65,12.02,100.61,188,2,0,1,11
26.4,55.34,10.45,100.48,117,17,1,0,11
33.12,4.45,4.75,99.82,270,9,1,0,1
12.47,8.89,2.53,102.26,351,18,0,0,2
32.13,33.97,10.06,99.37,238,19,0,1,8
43.9,3.62,4.73,99.12,170,0,0,0,7
28.83,66.64,10.91,100.59,184,1,0,0,11
23.0,3.18,2.37,100.45,485,18,0,0,3
33.26,39.73,6.34,100.31,175,15,0,0,9
3.01,7.77,3.38,101.92,405,15,0,0,10
29.32,7.34,6.11,99.07,199,12,0,0,1
33.89,2.79,1.19,99.33,277,14,0,0,1
28.47,4.44,1.31,101.8,335,5,1,0,3
27.38,4.22,1.12,101.15,304,15,0,0,2
15.23,9.03,3.77,102.6,299,10,0,1,4
25.06,39.94,9.85,99.61,140,10,0,1,9
17.38,8.92,3.47,101.81,481,12,0,0,5
30.23,3.82,4.12,99.52,333,16,0,0,3
27.56,3.1,1.91,101.25,373,7,0,1,4
20.86,0.35,2.1,101.47,422,8,1,0,3
32.21,2.89,3.85,99.74,303,4,0,0,2
20.57,3.09,2.08,100.94,379,9,1,0,6
9.91,8.61,2.11,102.88,253,13,0,1,4
34.49,67.46,7.35,100.73,161,5,1,0,9
16.8,6.32,0.69,102.29,360,6,0,0,3
23.32,3.74,2.53,100.83,334,16,0,0,3
15.64,2.9,1.63,101.9,416,9,1,0,3
25.28,0.12,0.93,100.91,372,2,0,1,6
12.97,9.1,2.74,102.91,254,7,0,1,4
30.84,67.53,10.71,99.16,101,18,0,0,11
25.95,49.56,11.43,99.13,166,1,0,0,9
28.21,4.41,2.15,100.42,382,19,0,1,6
44.18,0.98,4.69,98.57,226,17,1,0,7
18.01,1.08,2.23,101.21,283,3,0,0,1
34.41,63.19,4.54,99.7,126,8,1,0,9
36.34,3.35,5.46,98.61,163,11,1,0,0
31.14,1.05,2.15,98.94,244,12,0,0,1
26.01,17.56,4.77,100.95,201,11,1,0,1
29.52,2.2,1.2,101.6,336,12,0,0,6
33.52,0.1,5.13,98.73,295,8,1,0,1
15.94,1.05,2.52,100.29,448,3,0,0,5
33.65,16.62,3.99,99.97,208,10,0,1,4
11.01,8.04,0.98,102.16,342,4,0,0,6
19.68,0.02,0.94,101.75,338,16,0,0,6
45.75,1.98,4.58,98.56,149,1,0,0,7
13.6,5.74,2.84,102.55,289,1,0,0,2
15.67,0.63,1.91,101.53,278,15,0,0,1
2.25,5.23,2.15,102.31,285,19,0,1,10
31.58,13.78,12.6,99.25,121,10,0,1,1
21.24,2.57,2.76,101.78,496,5,1,0,5
30.1,60.22,9.15,100.74,76,18,0,0,12
34.7,74.92,11.9,99.56,166,18,0,0,12
26.65,69.07,8.89,99.81,200,0,0,0,12
28.91,4.85,1.93,100.29,456,3,0,0,5
26.97,1.84,0.72,101.11,278,0,0,0,2
14.73,1.75,2.85,101.44,443,18,0,0,3
28.11,1.25,1.16,100.0,387,18,0,0,2
26.89,3.14,2.38,100.3,444,16,0,0,3
35.62,0.47,3.43,99.84,310,7,0,1,4
34.66,1.04,2.19,99.82,322,6,0,0,3
21.99,3.8,0.89,100.97,500,10,0,1,3
13.27,9.35,1.82,102.42,500,13,0,1,5
15.46,1.02,1.35,101.02,349,16,0,0,6
16.57,5.1,2.25,101.1,378,1,0,0,6
30.51,37.86,13.07,99.32,127,6,0,0,9
18.23,1.68,1.66,101.55,500,16,0,0,5
17.84,4.61,2.24,101.22,311,5,1,0,6
32.51,14.41,12.27,99.47,203,10,0,1,4
28.94,1.94,0.67,100.04,461,8,1,0,3
30.25,63.14,5.81,99.69,148,7,0,1,9
34.61,55.09,14.2,99.53,101,7,0,1,12
25.18,1.59,2.62,101.89,385,6,0,0,3
32.39,25.81,6.38,100.93,128,15,0,0,1
32.16,57.97,10.47,100.98,163,17,1,0,12
16.18,2.21,1.15,100.69,291,3,0,0,2
16.97,1.86,1.8,102.86,352,11,1,0,3
26.63,49.64,4.81,100.94,77,1,0,0,8
17.84,0.03,0.65,101.81,406,11,1,0,5
11.25,9.04,3.36,102.51,296,15,0,0,1
29.62,69.87,5.99,100.43,163,17,1,0,9
44.33,4.55,2.57,99.38,301,4,0,0,7
5.05,1.85,1.7,101.86,366,19,0,1,4
4.77,4.86,0.91,102.36,464,1,0,0,10
39.54,2.17,1.82,98.23,317,7,0,1,4
34.02,30.8,11.8,100.32,117,13,0,1,9
15.14,5.67,2.8,102.8,420,3,0,0,3
7.23,0.11,3.39,102.6,231,17,1,0,2
23.65,2.32,0.8,101.96,316,15,0,0,6
25.67,49.61,11.87,99.06,59,6,0,0,9
38.52,0.52,1.86,99.14,363,9,1,0,2
8.78,7.94,0.61,102.56,399,18,0,0,6
4.31,1.16,0.6,102.05,486,1,0,0,10
17.83,5.74,0.98,102.38,459,13,0,1,3
22.16,1.75,1.41,101.61,289,12,0,0,1
33.34,0.42,3.33,98.96,159,9,1,0,0
27.21,33.57,12.7,100.65,58,0,0,0,8
29.59,27.75,14.19,99.24,185,10,0,1,1
21.31,3.01,2.84,100.62,358,14,0,0,2
24.81,3.1,1.33,101.86,437,16,0,0,5
33.58,1.2,3.56,99.55,298,6,0,0,2
24.72,1.16,2.2,101.88,302,5,1,0,6
7.11,4.38,3.65,102.92,492,8,1,0,3
29.13,55.69,10.9,99.14,186,10,0,1,11
17.35,4.14,0.6,100.84,278,5,1,0,2
33.79,46.78,5.78,100.0,65,16,0,0,8
44.18,4.67,5.58,99.27,191,12,0,0,7
8.45,7.52,2.36,102.35,428,5,1,0,5
13.7,8.24,1.01,102.67,396,10,0,1,4
16.61,3.84,1.75,100.87,273,8,1,0,1
30.47,25.58,13.82,99.43,197,14,0,0,1
30.59,67.14,11.55,100.39,200,10,0,1,11
27.11,69.29,12.85,99.88,216,8,1,0,11
39.91,2.27,4.9,100.0,217,1,0,0,2
9.35,4.31,1.57,101.4,389,9,1,0,3
33.87,36.49,8.96,100.83,71,16,0,0,8
26.31,47.41,8.31,100.59,106,9,1,0,8
3.6,0.17,2.82,102.2,464,7,0,1,10
5.74,0.24,3.42,102.95,379,15,0,0,3
34.26,36.47,3.61,99.08,131,19,0,1,9
15.43,2.92,0.53,101.57,440,17,1,0,3
30.64,2.94,2.99,99.95,334,7,0,1,6
27.75,58.21,6.26,100.81,184,16,0,0,8
38.8,0.25,3.13,99.66,152,18,0,0,1
5.62,8.17,3.76,101.19,500,1,0,0,3
28.37,70.3,4.0,99.42,134,5,1,0,9
15.93,7.59,3.05,101.97,456,3,0,0,5
23.58,4.03,2.4,100.31,451,2,0,1,3
6.29,3.61,1.93,102.36,243,14,0,0,2
35.4,4.01,2.23,99.95,240,14,0,0,2
35.4,1.56,1.61,98.22,162,9,1,0,0
33.75,64.29,4.69,100.09,86,12,0,0,8
30.72,3.28,3.68,98.16,215,6,0,0,1
34.9,7.25,8.33,100.01,165,13,0,1,1
32.7,1.76,4.81,99.01,356,2,0,1,4
45.76,3.84,3.17,98.89,372,15,0,0,7
24.98,2.5,2.11,100.05,420,9,1,0,3
19.18,0.65,0.75,101.21,379,4,0,0,3
18.8,2.35,1.73,100.39,293,12,0,0,2
42.49,3.96,4.01,99.02,163,12,0,0,7
6.61,0.93,3.87,101.27,405,17,1,0,5
16.23,9.44,3.18,101.01,380,3,0,0,6
8.05,1.43,0.56,101.93,500,12,0,0,3
35.18,3.31,4.26,98.5,197,0,0,0,1
27.74,0.22,2.34,100.68,461,9,1,0,5
28.93,1.66,1.66,100.03,371,17,1,0,2
18.88,0.14,2.08,100.85,438,7,0,1,5
26.75,27.19,10.97,100.93,62,4,0,0,0
44.25,2.88,3.82,99.0,302,6,0,0,7
16.35,3.0,1.35,101.83,316,1,0,0,6
4.29,7.15,1.53,102.05,417,0,0,0,10
40.82,3.4,5.73,98.59,286,6,0,0,1
31.31,4.62,2.63,98.26,388,19,0,1,6
35.18,3.33,3.78,98.69,225,19,0,1,4
31.51,4.16,5.59,99.3,314,7,0,1,6
8.43,7.29,3.23,101.24,444,14,0,0,3
7.16,5.54,1.02,101.18,496,1,0,0,5
33.94,66.77,13.79,100.11,195,7,0,1,12
31.66,79.16,5.71,99.78,227,7,0,1,8
4.21,0.81,3.4,102.95,248,16,0,0,10
25.66,71.85,8.57,99.64,190,13,0,1,12
8.44,6.73,2.89,101.63,332,1,0,0,6
26.08,3.33,0.8,101.15,307,13,0,1,4
27.06,2.13,2.99,100.19,402,11,1,0,5
25.11,3.84,1.27,100.98,409,13,0,1,3
18.49,1.13,1.88,101.05,359,9,1,0,2
19.47,1.39,2.43,101.3,497,17,1,0,3
34.75,40.56,3.8,99.1,147,7,0,1,8
44.92,2.62,2.36,98.8,272,14,0,0,7
24.79,0.77,2.94,101.09,324,17,1,0,3
16.3,0.75,3.68,102.99,360,17,1,0,3
30.56,31.9,13.94,99.04,182,7,0,1,8
30.91,3.83,4.51,98.66,300,10,0,1,4
28.96,61.72,8.45,99.82,91,14,0,0,11
11.35,9.69,1.82,101.12,346,17,1,0,2
17.43,3.29,2.99,100.9,428,8,1,0,3
8.41,1.15,3.59,101.83,393,2,0,1,4
12.56,4.42,2.77,101.12,280,15,0,0,2
45.05,3.24,5.77,98.3,313,9,1,0,7
11.63,5.82,1.91,101.68,213,6,0,0,1
8.27,1.63,3.07,101.42,390,15,0,0,6
10.84,5.95,3.55,102.15,500,19,0,1,5
33.03,45.52,3.95,100.13,213,7,0,1,9
20.94,1.48,0.86,100.3,436,12,0,0,5
30.96,11.05,14.27,100.51,98,9,1,0,0
27.43,0.4,1.69,101.26,476,11,1,0,5
26.75,1.39,2.85,100.25,430,3,0,0,5
34.71,18.29,11.66,99.08,123,6,0,0,1
22.74,2.9,2.84,101.34,321,10,0,1,4
14.95,9.51,0.58,102.97,444,18,0,0,3
27.8,14.91,8.28,100.29,179,0,0,0,1
15.82,3.0,2.76,100.77,441,17,1,0,5
9.08,0.48,3.37,102.65,382,4,0,0,3
20.3,4.0,1.89,101.65,454,7,0,1,3
32.84,49.89,7.97,100.92,199,15,0,0,9
24.08,1.1,2.06,101.14,413,15,0,0,5
25.6,50.33,12.16,100.05,151,5,1,0,11
25.0,0.4,1.6,100.33,311,4,0,0,2
33.24,1.93,1.26,98.8,224,17,1,0,1
37.73,1.91,5.2,98.29,361,2,0,1,4
2.99,0.71,2.51,102.13,297,13,0,1,10
34.13,0.57,5.59,99.56,369,7,0,1,4
10.66,6.46,0.66,102.89,286,0,0,0,2
34.75,0.39,1.85,98.25,318,11,1,0,6
22.78,1.23,1.4,101.98,500,19,0,1,5
45.18,0.71,2.91,99.11,323,0,0,0,7
15.06,3.35,2.1,100.82,338,17,1,0,2
29.15,6.8,7.02,99.35,111,0,0,0,1
30.99,59.65,6.78,99.79,36,17,1,0,8
16.45,0.9,2.49,101.36,500,16,0,0,3
37.6,4.61,1.36,98.56,312,3,0,0,6
15.5,3.25,2.91,102.92,257,4,0,0,1
29.9,52.3,11.88,100.22,115,19,0,1,12
27.16,1.36,2.33,100.74,305,8,1,0,2
16.02,0.91,2.89,101.78,380,11,1,0,3
9.35,6.76,2.67,102.14,334,18,0,0,6
31.33,62.67,14.93,99.02,189,7,0,1,11
44.51,4.96,2.04,98.71,205,1,0,0,7
22.26,2.09,1.39,101.19,320,12,0,0,3
17.42,2.36,1.88,101.14,452,17,1,0,3
13.88,0.25,1.74,102.56,329,0,0,0,2
25.42,2.84,2.49,101.47,375,15,0,0,6
37.81,0.67,2.31,98.84,351,10,0,1,4
10.22,2.88,0.52,101.99,500,7,0,1,5
31.46,1.59,1.52,98.26,270,8,1,0,1
30.97,0.15,4.57,98.72,251,8,1,0,1
34.06,3.21,2.38,98.99,347,10,0,1,4
11.41,3.16,2.69,102.62,209,18,0,0,2
27.96,24.18,6.93,99.33,202,2,0,1,4
14.65,3.85,2.03,102.19,247,5,1,0,2
25.67,67.37,5.13,100.45,58,17,1,0,9
41.44,2.89,1.07,98.72,137,4,0,0,1
31.49,55.17,12.58,100.87,49,16,0,0,11
17.31,4.43,1.65,101.13,411,3,0,0,3
31.79,74.88,14.96,100.44,214,2,0,1,12
44.08,0.25,2.16,99.79,306,10,0,1,7
18.31,0.69,2.65,101.0,267,8,1,0,2
27.39,61.85,12.12,99.63,194,7,0,1,12
5.36,9.77,2.76,102.87,460,13,0,1,5
32.82,62.44,11.3,100.93,233,2,0,1,11
41.67,2.88,2.03,99.01,399,2,0,1,6
21.41,3.23,2.36,100.46,337,4,0,0,6
19.04,0.99,2.46,101.82,301,4,0,0,3
42.02,4.48,5.23,98.37,256,11,1,0,7
36.03,1.7,1.31,98.97,365,2,0,1,6
25.82,50.0,8.83,100.09,52,14,0,0,9
14.56,2.74,3.69,101.2,331,3,0,0,2
19.92,0.27,2.17,100.46,396,5,1,0,3
19.59,0.32,0.94,100.01,423,17,1,0,3
31.35,3.41,2.18,99.89,317,0,0,0,3
34.63,3.92,5.02,99.97,283,17,1,0,2
40.84,1.26,5.37,98.34,229,12,0,0,2
25.76,2.38,2.62,100.77,378,13,0,1,4
15.38,5.49,1.16,102.44,372,17,1,0,6
9.37,8.29,3.4,102.42,319,16,0,0,6
9.5,7.06,3.73,101.28,244,12,0,0,1
26.13,35.58,13.64,99.09,115,8,1,0,9
12.87,6.31,1.45,101.5,228,15,0,0,1
19.47,3.88,1.48,100.28,492,5,1,0,5
30.44,78.18,7.43,99.71,228,13,0,1,9
30.21,38.05,13.56,100.01,130,2,0,1,9
29.74,1.25,0.68,101.33,364,7,0,1,4
36.64,2.11,4.93,98.39,184,14,0,0,1
31.49,36.42,8.5,99.51,152,4,0,0,8
30.13,29.06,10.15,100.99,92,12,0,0,0
28.81,1.73,0.64,100.41,500,19,0,1,5
27.2,5.02,13.98,100.69,74,14,0,0,0
4.69,1.2,0.74,102.45,326,13,0,1,10
26.19,43.43,7.19,99.75,83,9,1,0,8
32.19,13.3,3.43,100.99,75,15,0,0,0
26.25,1.37,2.06,100.16,413,5,1,0,5
26.09,3.43,2.54,101.75,387,9,1,0,6
31.72,7.38,9.42,99.08,205,7,0,1,4
28.21,47.18,6.35,100.57,132,12,0,0,9
36.38,4.31,2.34,99.07,186,11,1,0,0
7.21,9.54,0.93,101.04,212,18,0,0,1
31.1,4.96,5.76,98.27,293,17,1,0,2
17.77,2.14,0.65,100.45,310,6,0,0,3
21.58,4.89,2.52,101.47,354,2,0,1,6
33.4,30.45,11.51,100.99,70,4,0,0,8
12.78,8.44,3.71,102.44,269,8,1,0,2
30.33,3.8,1.21,99.73,353,12,0,0,3
17.58,2.38,2.34,100.28,455,19,0,1,5
15.2,2.56,2.42,101.87,406,17,1,0,3
43.11,4.44,2.0,98.57,231,11,1,0,7
8.03,3.93,2.41,101.32,317,3,0,0,6
4.68,3.1,2.26,102.59,497,11,1,0,10
40.33,0.78,3.74,98.17,330,19,0,1,6
21.2,0.2,1.18,101.91,349,10,0,1,4
35.64,0.22,1.9,98.78,308,0,0,0,3
4.26,7.64,0.88,102.96,363,7,0,1,10
32.75,30.69,10.53,99.38,85,14,0,0,9
17.01,9.18,3.61,102.25,293,14,0,0,2
16.04,1.67,1.28,101.27,331,0,0,0,2
17.23,2.98,2.54,100.76,460,9,1,0,3
5.15,2.37,1.55,102.29,240,3,0,0,2
31.96,32.19,12.89,99.41,184,9,1,0,9
22.76,2.07,1.0,100.82,435,6,0,0,5
35.06,0.28,4.05,98.48,325,15,0,0,3
25.81,16.04,6.58,99.18,77,14,0,0,0
28.97,23.42,12.75,99.69,148,2,0,1,1
39.13,2.91,4.57,98.48,319,1,0,0,2
34.52,0.4,5.38,99.46,324,10,0,1,4
7.25,3.72,3.16,101.68,318,7,0,1,4
15.82,1.57,1.75,100.43,500,10,0,1,5
16.31,2.44,2.23,100.52,473,7,0,1,3
27.44,0.95,2.79,101.11,487,5,1,0,5
8.89,3.12,3.04,102.59,357,0,0,0,3
29.79,3.96,2.0,100.68,334,18,0,0,3
2.66,7.45,2.06,101.04,302,0,0,0,10
28.87,48.76,8.57,100.24,182,6,0,0,8
40.59,1.1,1.56,99.19,305,18,0,0,6
25.27,33.54,4.27,100.06,34,5,1,0,9
27.08,1.5,2.91,101.07,320,6,0,0,2
25.21,3.33,1.78,100.86,388,8,1,0,6
15.33,1.79,1.33,100.78,386,10,0,1,6
41.81,4.28,5.69,98.98,160,18,0,0,1
33.56,36.37,6.71,100.87,165,11,1,0,9
16.36,1.19,1.65,102.63,500,19,0,1,5
36.3,2.37,5.27,98.68,386,19,0,1,4
31.41,3.88,5.24,98.36,373,10,0,1,4
32.65,3.53,3.68,99.27,217,9,1,0,1
5.39,0.41,1.63,102.12,298,11,1,0,2
13.82,3.06,1.43,102.39,500,13,0,1,5
3.48,5.32,3.38,101.2,500,13,0,1,10
9.72,0.57,1.11,102.41,275,15,0,0,1
33.98,48.7,4.49,99.24,126,15,0,0,8
26.84,29.63,8.85,99.05,167,5,1,0,0
36.53,1.4,1.68,99.46,238,14,0,0,2
26.62,1.93,1.77,101.71,481,0,0,0,3
27.08,0.68,0.67,101.79,312,6,0,0,6
19.32,3.62,2.59,101.72,348,16,0,0,3
27.78,0.2,0.62,101.25,280,15,0,0,2
7.19,6.73,1.68,101.36,264,15,0,0,1
37.74,2.15,1.37,98.21,226,18,0,0,1
33.84,0.97,3.52,99.54,192,9,1,0,0
11.23,1.19,0.63,101.11,462,8,1,0,5
21.57,4.22,1.16,100.84,464,5,1,0,5
37.19,2.89,3.85,98.66,214,17,1,0,1
26.07,32.51,4.19,100.53,159,8,1,0,8
17.52,8.65,2.6,102.4,229,14,0,0,2
12.96,2.9,1.21,101.53,377,3,0,0,3
16.43,2.1,0.78,100.34,335,1,0,0,3
32.63,0.32,2.59,98.44,281,11,1,0,2
3.64,7.52,3.67,102.49,263,3,0,0,10
33.61,57.12,3.13,99.79,118,6,0,0,9
4.02,5.82,3.18,101.81,184,5,1,0,10
16.39,6.24,0.96,101.62,423,6,0,0,3
32.6,55.73,6.61,99.37,109,18,0,0,9
9.59,2.26,2.66,101.08,470,19,0,1,5
29.69,16.1,14.82,99.42,157,9,1,0,0
28.42,78.94,13.06,100.62,149,18,0,0,11
15.13,1.91,1.25,100.07,239,4,0,0,1
8.45,6.35,2.67,101.24,407,8,1,0,3
9.12,4.88,3.35,101.2,442,7,0,1,5
18.23,3.14,2.81,102.0,500,7,0,1,5
27.36,28.27,7.79,99.48,40,4,0,0,0
29.32,4.59,0.62,100.68,500,13,0,1,5
33.82,3.14,4.2,99.7,384,2,0,1,6
30.43,54.02,6.29,100.19,152,16,0,0,9
17.0,1.21,1.23,101.85,339,14,0,0,3
34.63,1.85,4.32,98.24,233,18,0,0,1
30.83,71.33,4.82,100.2,79,14,0,0,8
21.29,3.51,1.53,101.01,397,17,1,0,2
13.07,6.61,0.63,101.74,444,13,0,1,5
29.21,42.65,13.92,100.43,155,8,1,0,9
14.76,8.64,2.1,101.95,445,10,0,1,5
41.03,4.32,5.98,98.85,309,10,0,1,4
15.46,3.63,2.69,100.44,500,3,0,0,3
3.0,8.23,1.59,101.8,363,3,0,0,10
27.59,3.25,2.04,100.35,418,14,0,0,3
